<?xml version="1.0" encoding="UTF-8"?>
<!DOCTYPE mapper PUBLIC "-//mybatis.org//DTD Mapper 3.0//EN" "http://mybatis.org/dtd/mybatis-3-mapper.dtd">
<mapper namespace="cn.lonelystar.mapper.AdminsMapper">
  <resultMap id="BaseResultMap" type="cn.lonelystar.pojo.Admins">
    <!--
      WARNING - @mbg.generated
    -->
    <id column="admin_id" jdbcType="VARCHAR" property="adminId" />
    <result column="name" jdbcType="VARCHAR" property="name" />
    <result column="password" jdbcType="VARCHAR" property="password" />
    <result column="telephone" jdbcType="INTEGER" property="telephone" />
    <result column="wechat_num" jdbcType="VARCHAR" property="wechatNum" />
    <result column="storage_id" jdbcType="VARCHAR" property="storageId" />
  </resultMap>
</mapper>