<?xml version="1.0" encoding="UTF-8"?>
<!DOCTYPE mapper PUBLIC "-//mybatis.org//DTD Mapper 3.0//EN" "http://mybatis.org/dtd/mybatis-3-mapper.dtd">
<mapper namespace="cn.lonelystar.mapper.CustomersMapper">
  <resultMap id="BaseResultMap" type="cn.lonelystar.pojo.Customers">
    <!--
      WARNING - @mbg.generated
    -->
    <id column="customer_id" jdbcType="VARCHAR" property="customerId" />
    <result column="name" jdbcType="VARCHAR" property="name" />
    <result column="telephone" jdbcType="INTEGER" property="telephone" />
    <result column="address" jdbcType="VARCHAR" property="address" />
    <result column="wechat_num" jdbcType="VARCHAR" property="wechatNum" />
    <result column="point" jdbcType="INTEGER" property="point" />
  </resultMap>
</mapper>