<?xml version="1.0" encoding="UTF-8"?>
<!DOCTYPE mapper PUBLIC "-//mybatis.org//DTD Mapper 3.0//EN" "http://mybatis.org/dtd/mybatis-3-mapper.dtd">
<mapper namespace="cn.lonelystar.mapper.OrdersMapper">
  <resultMap id="BaseResultMap" type="cn.lonelystar.pojo.Orders">
    <!--
      WARNING - @mbg.generated
    -->
    <id column="order_id" jdbcType="VARCHAR" property="orderId" />
    <result column="product_id" jdbcType="VARCHAR" property="productId" />
    <result column="buy_num" jdbcType="INTEGER" property="buyNum" />
    <result column="description" jdbcType="VARCHAR" property="description" />
    <result column="current_status" jdbcType="INTEGER" property="currentStatus" />
    <result column="from_id" jdbcType="VARCHAR" property="fromId" />
    <result column="to_id" jdbcType="VARCHAR" property="toId" />
  </resultMap>
</mapper>