<?xml version="1.0" encoding="UTF-8"?>
<!DOCTYPE generatorConfiguration
        PUBLIC "-//mybatis.org//DTD MyBatis Generator Configuration 1.0//EN"
        "http://mybatis.org/dtd/mybatis-generator-config_1_0.dtd">
<generatorConfiguration>
	<!--mybatis逆向工程，本质上是根据 数据库表生成 pojo类，mapper接口以及mapper.xml 文件 -->

	<!--读取配置文件  -->
	<properties resource="config/jdbc.properties" />

	<context id="Mysql" targetRuntime="MyBatis3Simple"
		defaultModelType="flat">

 		 <!-- 配置pojo的序列化 -->
		<plugin type="org.mybatis.generator.plugins.SerializablePlugin" />
		
		<!-- 通用mapper插件 自动sql逻辑 -->
		<plugin type="tk.mybatis.mapper.generator.MapperPlugin">
			<property name="mappers" value="tk.mybatis.mapper.common.Mapper" />
			<property name="caseSensitive" value="true" />
			<property name="forceAnnotation" value="true" />
		</plugin>

		<commentGenerator>    
            <!-- 是否去除自动生成的注释 true：是 ： false:否 -->
			<property name="suppressAllComments" value="true" />
		</commentGenerator>
		
		<!--配置链接参数-->
		<jdbcConnection driverClass="${jdbc.driver}"
			connectionURL="${jdbc.url}" userId="${jdbc.username}"
			password="${jdbc.password}">
		</jdbcConnection>
		
		 <!--      
     		 默认false，把JDBC DECIMAL 和 NUMERIC 类型解析为 Integer    
            true，把JDBC DECIMAL 和 NUMERIC 类型解析为java.math.BigDecimal      
        -->
		<javaTypeResolver>
			<property name="forceBigDecimals" value="false" />
		</javaTypeResolver> 
    
    	<!-- targetProject:生成PO类的位置  targetPackage：生成pojo包的名字-->
		<javaModelGenerator
			targetPackage="cn.lonelystar.pojo"
			targetProject="./src/main/java">
			<!-- enableSubPackages:是否让schema作为包的后缀 -->
			<property name="enableSubPackages" value="false" />
			<!-- 从数据库返回的值被清理前后的空格 -->
			<property name="trimStrings" value="true" />
		</javaModelGenerator>
		
        <!-- targetProject:mapper映射文件生成的位置  targetPackage:将要生成的mapper映射文件包名字-->
		<sqlMapGenerator targetPackage="mapper"
			targetProject="./src/main/resources">
			<!-- enableSubPackages:是否让schema作为包的后缀 -->
			<property name="enableSubPackages" value="false" />
		</sqlMapGenerator>
		
		<!-- targetPackage：mapper接口生成的位置 -->
		<javaClientGenerator type="XMLMAPPER"
			targetPackage="cn.lonelystar.mapper"
			targetProject="./src/main/java">
			<!-- enableSubPackages:是否让schema作为包的后缀 -->
			<property name="enableSubPackages" value="false" />
		</javaClientGenerator>

		<!--通配符匹配模块前缀，生成实体类以及映射接口-->

		<table tableName="%"></table>
		<!-- 指定数据库表 -->
		<!-- <table tableName="wechat_token" domainObjectName="Token"></table> -->
    
        <!-- 列出要生成代码的所有表，这里配置的是不生成Example文件 -->
		<!-- <table tableName="userinfo" domainObjectName="UserInfoPO"
			enableCountByExample="false" enableUpdateByExample="false"
			enableDeleteByExample="false" enableSelectByExample="false"
			selectByExampleQueryId="false">
			<property name="useActualColumnNames" value="false" />
		</table> -->

	</context>
</generatorConfiguration>
